Country Name,Country Code,Indicator Name,1970,1971,1972,1973,1974,1975,1976,1977,1978,1979,1980,1981,1982,1983,1984,1985,1986,1987,1988,1989,1990,1991,1992,1993,1994,1995,1996,1997,1998,1999,2000,2001,2002,2003,2004,2005,2006,2007,2008,2009,2010,2011,2012,2013,2014,2015,2016,2017,2020,2025,2030,2035,2040,2045,2050,2055,2060,2065,2070,2075,2080,2085,2090,2095,2100
Afghanistan,AFG,"Enrolment in tertiary education, all programmes, both sexes (number)",7732,9409,9817,11487,10956,12256,14214,16147,21118,22974,,,19652,,,,22306,17509,,,24333,,,,,,,,,,,,,26211,27648,,,,,95185,,97504,,,262874,,,,,,,,,,,,,,,,,,,,
Albania,ALB,"Enrolment in tertiary education, all programmes, both sexes (number)",,25469,28668,,,,,,14695,,,14568,,17500,19670,21285,21995,22403,23784,25201,25964,27461,28001,32684,30185,28331,30086,34257,35902,38502,40125,40859,42160,43600,53014,63257,74747,86863,90606,93139,122326,134877,160839,173029,173819,160527,,,,,,,,,,,,,,,,,,,
Algeria,DZA,"Enrolment in tertiary education, all programmes, both sexes (number)",,,,,,,,,,,,,,,,,,201982,203529,,258995,285930,298117,303111,298133,298767,347410,,,456358,,549009,624788,682775,716452,792121,817968,901562,,1149666,1144271,1188562,1210272,1252579,1245478,1289474,,,,,,,,,,,,,,,,,,,
American Samoa,ASM,"Enrolment in tertiary education, all programmes, both sexes (number)",,0,632,848,909,833,689,836,1114,860,856,976,987,1007,967,871,758,900,897,909,,,,,,,,,,,,,,,,,,1607,,,,,,,,,,,,,,,,,,,,,,,,,,,
Andorra,AND,"Enrolment in tertiary education, all programmes, both sexes (number)",,,,,,,,,,,,,,,,,,,,,,,,,,,,,,,,,267,306,331,342,401,,459,,,,491,538,498,501,,,,,,,,,,,,,,,,,,,
Angola,AGO,"Enrolment in tertiary education, all programmes, both sexes (number)",,,,,,,,,,,,,,,,,,,5872,5845,6281,6534,6331,,,,,,8337,7845,,,12566,48184,37547,48184,48694,,,,,142798,,218679,,221037,,,,,,,,,,,,,,,,,,,
Antigua and Barbuda,ATG,"Enrolment in tertiary education, all programmes, both sexes (number)",,,,,,,,,,,,,,,,,,,,,,,,,,,,,,,,,,,,,,,,1037,1170,1068,1792,,,,,,,,,,,,,,,,,,,,,,
Argentina,ARG,"Enrolment in tertiary education, all programmes, both sexes (number)",274634,321782,351287,423824,497727,596736,601395,536450,477725,498928,491473,527596,550556,580626,677535,846145,902882,958542,,,,1008231,,,1069617,,,,1526515,1600882,1766933,1918708,2026735,2101437,2116876,2082577,2202032,2208291,2287874,2387049,2520985,2660514,2726557,2768211,2869450,,,,,,,,,,,,,,,,,,,,
Armenia,ARM,"Enrolment in tertiary education, all programmes, both sexes (number)",,,,,,,,,,,,,,,,,55871,,55700,58959,65300,69470,67019,58729,47203,45983,40326,54818,82776,89261,92914,90417,99761,104891,108750,115475,127499,135725,141407,146224,146125,141455,121265,115207,113090,107665,,,,,,,,,,,,,,,,,,,
Aruba,ABW,"Enrolment in tertiary education, all programmes, both sexes (number)",,,,,,,,,,,,,,,,,,,,,,,,,,,,,,1446,1578,1628,1592,1672,1704,2106,2094,2232,2242,2196,2330,2504,2621,1181,1235,1166,,,,,,,,,,,,,,,,,,,
Australia,AUS,"Enrolment in tertiary education, all programmes, both sexes (number)",179664,193532,208149,223855,252972,274738,289701,300030,309783,317496,323716,334030,337953,349243,358498,370048,390706,393734,420845,441076,485075,534530,559365,922699,932969,964998,1002476,1041648,869172,845636,845132,868689,1012210,1005977,1002998,1024589,1040153,1083715,1117804,1199845,1276488,1324257,1364203,1390478,1453521,,,,,,,,,,,,,,,,,,,,
Austria,AUT,"Enrolment in tertiary education, all programmes, both sexes (number)",,59778,66401,73467,78787,84101,96736,104525,110948,118672,127746,136774,140720,146351,154126,165313,173215,179909,188192,192700,199845,205767,216529,221389,227444,233989,238981,240632,247498,252893,261229,264669,223735,229802,238522,244410,253139,260975,284791,308150,350187,361797,376498,422778.219,421224.813,425971.688,,,,,,,,,,,,,,,,,,,
Azerbaijan,AZE,"Enrolment in tertiary education, all programmes, both sexes (number)",,,,,,,,,,,,186024,,,,,182145,,177600,166400,160900,163901,168054,147909,128242,120870,118105,115116,,,,,,,,,181293,181937,180298,180276,180727,181057,184834,187590,195401,204152,,,,,,,,,,,,,,,,,,,
"Bahamas, The",BHS,"Enrolment in tertiary education, all programmes, both sexes (number)",,,,,,,,5660,5554,5607,4396,4093,3963,3097,3620,3965,4531,4932,5305,,,,,,,3960,,,,,,,,,,,,,,,,,,,,,,,,,,,,,,,,,,,,,,,
Bahrain,BHR,"Enrolment in tertiary education, all programmes, both sexes (number)",,289,312,352,612,669,703,1226,1207,1069,1314,1908,2348,,,4235,4180,3333,4894,,,6868,7147,7763,7676,7701,8096,,,11048,,,,19079,,18841,18403,,,,,40175,40498,37094,38113,38901,,,,,,,,,,,,,,,,,,,
Bangladesh,BGD,"Enrolment in tertiary education, all programmes, both sexes (number)",117603,,136113,140770,183833,,158604,181756,154496,232780,240181,244091,297930,386542,436615,461073,465552,415232,366355,370900,434309,,,,,,,,,709224,726701,878537,855339,877335,821364,911600,1053566,1145401,1294535,1582175,,2008337,2037118,,2068355,,,,,,,,,,,,,,,,,,,,
Barbados,BRB,"Enrolment in tertiary education, all programmes, both sexes (number)",,763,1028,1276,1417,,,,,,,4033,4938,,5133,5227,,,,4244,4242,6651,6888,6252,,,,,,6915,8074,7979,,,,,,11405,,14324,13232,12421,,,,,,,,,,,,,,,,,,,,,,,
Belarus,BLR,"Enrolment in tertiary education, all programmes, both sexes (number)",,286134,,,,,314603,,,,334881,342917,341600,344300,345100,346600,342400,337200,333400,330891,339523,335294,313500,312339,299640,292800,322985,328746,361033,387347,411861,437995,463544,488650,507360,528508,544328,556526,544434,554060,568772,584846,587958,562168,517578,477221,,,,,,,,,,,,,,,,,,,
Belgium,BEL,"Enrolment in tertiary education, all programmes, both sexes (number)",,124857,127275,141002,148628,152129,,,187382,200136,198745,196153,213281,219591,226890,245762,247499,252236,254329,260608,271007,276248,,307130,322364,352630,358214,,,351788,355748,359265,366982,374532,386110,389547,394427,393687,401652,425219,445309,462419,477712,488488,495910,504745,,,,,,,,,,,,,,,,,,,
Belize,BLZ,"Enrolment in tertiary education, all programmes, both sexes (number)",,113,96,,110,121,,,,,,,,,,,,,,,,,,,,,,,,,,3760,4394,4341,4319,4571,4931,5362,5775,6972,7008,7223,8280,8470,,8562,,,,,,,,,,,,,,,,,,,
Benin,BEN,"Enrolment in tertiary education, all programmes, both sexes (number)",,311,582,1088,1911,1900,2118,2893,3292,3013,3390,4822,5680,6369,6818,7305,9063,8870,8883,9759,9200,10873,10611,9964,10586,10986,11227,14055,,19094,22415,28075,34336,39406,41282,42197,50225,61780,62910,82402,114382,110181,123286,145464,,,,,,,,,,,,,,,,,,,,,
Bermuda,BMU,"Enrolment in tertiary education, all programmes, both sexes (number)",,,,,,,,,,431,567,608,,,,,,,,,,,,,,,,,,,,,,,,,1208,1081,1092,1366,1269,1313,1278,1207,1108,973,,,,,,,,,,,,,,,,,,,
Bhutan,BTN,"Enrolment in tertiary education, all programmes, both sexes (number)",,,,,,,,,140,264,322,,,288,,,,,,,,,,,,,,,,1479,,,,,,3553,3820,4190,5051,4926,5499,6863,7400,8543,,,,,,,,,,,,,,,,,,,,,
Bolivia,BOL,"Enrolment in tertiary education, all programmes, both sexes (number)",35250,33137,31895,35165,44890,,,,,,,,,,,,,,,128800,,,,,,,188645,,228168,252706,278763,301984,311015,337914,346056,,,352554,,,,,,,,,,,,,,,,,,,,,,,,,,,
Bosnia and Herzegovina,BIH,"Enrolment in tertiary education, all programmes, both sexes (number)",,,,,,,,,,,,,,,,,,,,,,,,,,,,,,,57722,63425,64629,70671,77009,84422,91263,99557,104938,105488,105137,107537,107083,112607,111970,108475,,,,,,,,,,,,,,,,,,,
Botswana,BWA,"Enrolment in tertiary education, all programmes, both sexes (number)",0,0,179,244,289,469,527,622,762,860,1078,1137,1317,1435,1693,1938,2378,2731,,,,5364,,6830,7728,7920,8850,,10247,11246,13088,14582,15641,18608,20011,19655,21738,22257,31129,47889,42366,37859,46613,57447,55128,60583,51573,,,,,,,,,,,,,,,,,,
Brazil,BRA,"Enrolment in tertiary education, all programmes, both sexes (number)",430473,569230,696215,785159,954674,1089808,1119849,1182411,1251116,1340662,1409243,1419426,1436287,1479397,,,1451191,1470555,1503560,1518904,1540080,1619310,1591176,1652333,1716263,,1868529,,2203599,2456961,2781328,3125745,3582105,3994422,4275027,4572297,,5272877,5958135,6115138,6552707,6929324,7241405,7541112,8072146,8285475,,,,,,,,,,,,,,,,,,,
British Virgin Islands,VGB,"Enrolment in tertiary education, all programmes, both sexes (number)",,,,,,,,,,,,,,,,,,,,,,,,,,,,,,856,750,669,758,,1136,,,,,1211,,,,,,827,,,,,,,,,,,,,,,,,,,
Brunei Darussalam,BRN,"Enrolment in tertiary education, all programmes, both sexes (number)",,,,,,,,331,,436,,,,218,607,,601,945,,,,,1388,1454,1539,,,,2917,3705,3984,4479,4418,4546,4917,5023,5094,5284,5607,6107,5776,6626,8336,8797,11292,10866,,,,,,,,,,,,,,,,,,,
Bulgaria,BGR,"Enrolment in tertiary education, all programmes, both sexes (number)",,99596,107296,117103,121798,127319,128593,129507,142644,117028,108308,101359,97785,95723,98612,104333,113795,125576,135852,150517,157861,188479,185914,195447,206179,223030,250336,262757,260487,270077,261321,247006,228394,230513,228468,237909,243464,258692,264463,274247,287086,285265,284995,283959,283294,278953,,,,,,,,,,,,,,,,,,,
Burkina Faso,BFA,"Enrolment in tertiary education, all programmes, both sexes (number)",,183,231,274,436,523,1067,986,1222,1286,1226,1644,2568,3086,3406,3845,4085,4381,4790,5491,5675,5425,7387,8813,8815,9452,9388,8911,,9878,,12322,15535,18200,,27942,30472,33459,41779,47587,51166,60998,68894,74276,,,94728,,,,,,,,,,,,,,,,,,
Burundi,BDI,"Enrolment in tertiary education, all programmes, both sexes (number)",,466,490,482,744,802,1002,,,1716,1784,1879,2068,,2411,2521,2783,2731,3266,3308,3172,3592,3830,4256,,,,,4415,5037,6132,6289,10546,,15706,16915,17953,19296,21856,24290,29269,28595,36766,44887,51225,,,,,,,,,,,,,,,,,,,,
Cabo Verde,CPV,"Enrolment in tertiary education, all programmes, both sexes (number)",,,,,,,,,,,,,,,,,,,,,,,,,,,,,,706,801,718,1810,2215,3036,3910,4567,5289,6658,8465,10144,11769,11800,13068,13397,12538,,,,,,,,,,,,,,,,,,,
Cambodia,KHM,"Enrolment in tertiary education, all programmes, both sexes (number)",,9228,10425,9988,,,,,,,702,601,602,769,1369,1970,2213,,,5080,5479,6659,8764,10837,12218,11652,13401,10019,,,22108,25416,32010,43210,45370,56810,94708,117420,137490,168003,195166,223222,,,,217364,,,,,,,,,,,,,,,,,,,
Cameroon,CMR,"Enrolment in tertiary education, all programmes, both sexes (number)",,2690,3443,4484,5533,6459,,,,11012,12704,11686,12510,13493,15563,17741,,21438,23781,24539,29000,33177,,,,,,,,66902,65697,68495,77707,81318,83903,99864,120298,132134,147631,174144,220331,244233,270409,322175,349756,389974,,,,,,,,,,,,,,,,,,,
Canada,CAN,"Enrolment in tertiary education, all programmes, both sexes (number)",,,,,,,1079960,,,,,,,,,,1639410,,,1727260,1840837,1916801,1942814,1746919,1776792,1783716,1763105,,1192570,1220651,1212161,,,,,,,,,,,,,,,,,,,,,,,,,,,,,,,,,,
Cayman Islands,CYM,"Enrolment in tertiary education, all programmes, both sexes (number)",,,,,,,,,,,,,,,,,,,,,,,,,,,,,,316,428,508,502,560,,,567,626,912,,,,,,,,,,,,,,,,,,,,,,,,,,
Central African Republic,CAF,"Enrolment in tertiary education, all programmes, both sexes (number)",,155,,,381,415,669,743,1011,1486,2094,1719,2549,2162,2413,2522,2651,2450,2754,3075,3482,3840,3684,,,,,,,6229,6323,,,,6384,,4462,,9473,10427,11158,13289,12522,,,,,,,,,,,,,,,,,,,,,,
Chad,TCD,"Enrolment in tertiary education, all programmes, both sexes (number)",,0,46,243,605,419,547,758,,,,,,,,1643,,,,2983,,,,,,,3446,3798,4799,,5901,6106,,7397,10081,12373,,,18990,20394,22130,24349,,,42463,,,,,,,,,,,,,,,,,,,,
Channel Islands,CHI,"Enrolment in tertiary education, all programmes, both sexes (number)",,,,,,,,,,,,,,,,,,,,,,,,,,,,,,,,,,,,,,,,,,,,,,,,,,,,,,,,,,,,,,,,,
Chile,CHL,"Enrolment in tertiary education, all programmes, both sexes (number)",78430,101087,127238,146451,145003,149647,134149,131793,130982,127349,145497,,158117,178332,188665,197437,214273,224338,234973,,,261800,297122,324594,334808,342788,367094,380603,406553,450952,452177,,521609,567114,580815,663694,661142,753398,804981,876243,987643,1061527,1118773,1174011,1205182,1221774,,,,,,,,,,,,,,,,,,,
China,CHN,"Enrolment in tertiary education, all programmes, both sexes (number)",108617,,,193719,313645,429981,500993,564715,625319,856322,1019950,1662796,,,2169978,2746124,3515485,3843102,3936882,3906301,3924546,3822371,3660248,3699840,4505215,5278935,5621543,5826636,6075215,6365625,7364111,9398581,12143723,15186217,18090814,20601220,23360536,25346280,26691696,29295840,31046736,31308378,32585960,34091288,41924200,43367392,,,,,,,,,,,,,,,,,,,
Colombia,COL,"Enrolment in tertiary education, all programmes, both sexes (number)",85560,99262,116709,130682,148613,176098,202437,237477,253547,267885,271630,318293,335833,356000,378586,391490,417654,434623,457834,474787,487448,510649,535320,547468,576540,588322,644188,772291,879840,877944,934085,977243,989745,,1112574,1223594,1314972,1372674,1487186,1570447,1674420,1849466,1958429,2109224,2220652,2293550,,,,,,,,,,,,,,,,,,,
Comoros,COM,"Enrolment in tertiary education, all programmes, both sexes (number)",,,,,,,,,,,,,,,,,,,,,248,,223,229,,,348,,,649,714,,,1707,,,,2598,,3896,3905,5516,6087,6231,6499,,,,,,,,,,,,,,,,,,,,
"Congo, Dem. Rep.",COD,"Enrolment in tertiary education, all programmes, both sexes (number)",,12363,14999,16054,18368,21021,24853,25620,27146,28430,26700,28493,33901,32758,38380,38656,40878,45731,52800,61422,66614,80233,,,,93266,,,,60341,,,,,,,229443,237836,308739,377867,,487685,511251,442979,,,,,,,,,,,,,,,,,,,,,
"Congo, Rep.",COG,"Enrolment in tertiary education, all programmes, both sexes (number)",,1788,1483,2098,2570,3007,3249,3785,4567,5455,6848,7255,8886,9445,9984,10444,10684,11008,12043,10310,10490,10671,12045,13806,,,,,,10713,15629,13403,12164,12347,,,,,,23397,,33928,39303,37037,,,,,,,,,,,,,,,,,,,,,
Costa Rica,CRI,"Enrolment in tertiary education, all programmes, both sexes (number)",15473,17588,19627,22631,,,,,52542,55378,55593,58961,58974,58927,60288,63771,66550,71585,70907,74682,74681,80442,88324,,,,,,,,,,,,108765,,,,,,,194933,203175,205247,216751,217841,,,,,,,,,,,,,,,,,,,
Cote d'Ivoire,CIV,"Enrolment in tertiary education, all programmes, both sexes (number)",,4381,4616,5684,6148,,7174,8701,10201,12470,14418,19633,18732,,18872,19660,,23642,,,,,30064,37811,49851,52225,,87873,,96681,,,,,,,,156772,151671,152896,144270,66232,,169351,176504,192689,,,,,,,,,,,,,,,,,,,
Croatia,HRV,"Enrolment in tertiary education, all programmes, both sexes (number)",,,,,,,,,,,,64966,,,,,55886,,,,69021,72342,69822,77689,82361,82251,86357,85752,90021,95889,96798,104168,112537,121722,126322,134658,136646,139996,143410,139069,149853,153960,157289,164623,166061,162022,,,,,,,,,,,,,,,,,,,
Cuba,CUB,"Enrolment in tertiary education, all programmes, both sexes (number)",,26342,36877,48735,55435,68051,82688,106850,122456,133014,146240,151733,165496,173403,192958,212155,235224,256619,262225,250604,242366,242434,224568,198474,176228,140815,122346,111587,104595,153463,158674,178021,191262,235997,396516,471858,681629,864846,987250,970895,800873,664775,503182,373286,301773,261413,,,,,,,,,,,,,,,,,,,
Curacao,CUW,"Enrolment in tertiary education, all programmes, both sexes (number)",,,,,,,,,,,,,,,,,,,,,,,,,,,,,,,,,,,,,,,,,,,,2196,,,,,,,,,,,,,,,,,,,,,
Cyprus,CYP,"Enrolment in tertiary education, all programmes, both sexes (number)",,698,810,921,849,,,,1097,1455,1522,1940,1977,1804,2201,2580,3134,3419,4247,5066,5852,6554,5898,6263,6732,7765,8874,9982,,10842,10414,11934,13927,18272,20849,20078,20587,22227,25688,30986,32233,32118,31772,31965,33674,37166,,,,,,,,,,,,,,,,,,,
Czech Republic,CZE,"Enrolment in tertiary education, all programmes, both sexes (number)",,79024,73854,73315,77783,83814,90649,100004,107683,109944,114477,118026,118881,117284,112497,109329,107098,108734,109570,110619,113417,118194,112654,116560,163394,178853,191604,207221,215041,231224,253695,260044,284485,287001,318858,336307,338009,363277,392540,416847,437354,446158,440230,427441,418624,395529,,,,,,,,,,,,,,,,,,,
Denmark,DNK,"Enrolment in tertiary education, all programmes, both sexes (number)",,76024,86545,96883,103553,105414,110271,110637,117656,104978,106579,106241,106669,110731,113157,114559,116319,118641,122256,126662,134731,142968,150159,164356,169619,169783,174975,,183274,189970,189162,192022,196204,201746,217130,232255,228893,232194,230707,234574,240536,258932,275009,291147,301399,313756,,,,,,,,,,,,,,,,,,,
Djibouti,DJI,"Enrolment in tertiary education, all programmes, both sexes (number)",,,,,,,0,,,,,0,,,,,0,,,,,0,53,61,75,,130,161,,175,190,496,728,906,1134,1696,1928,2192,2453,3159,3225,4705,,,,,,,,,,,,,,,,,,,,,,,
Dominica,DMA,"Enrolment in tertiary education, all programmes, both sexes (number)",,,,,,,,,,,,63,,,58,60,,,,68,,430,658,484,,,,,,,,,,,,,,,,,,,,,,,,,,,,,,,,,,,,,,,,,
Dominican Republic,DOM,"Enrolment in tertiary education, all programmes, both sexes (number)",,23546,30345,34548,,41352,,,,,,,,,,,123748,,,,,,,,,,,176995,,,,,,286954,,,,,,,,,445909,,455822,480103,,,,,,,,,,,,,,,,,,,
Ecuador,ECU,"Enrolment in tertiary education, all programmes, both sexes (number)",,38692,43743,57677,,136695,170173,,,233684,255418,269775,261075,254148,266222,280594,,,271956,244763,197614,206541,,,,202682,,213496,,,,,,,,,,,534522,,,,572721,586105,,,,,,,,,,,,,,,,,,,,,
"Egypt, Arab Rep.",EGY,"Enrolment in tertiary education, all programmes, both sexes (number)",,233304,262501,305653,351522,408235,480016,565333,606579,626624,659544,715701,778216,826529,873565,838142,854584,878323,875033,761539,733275,628233,,,,,,,,2039240,,2118675,2263645,2097519,2260758,2351981,2402860,2484983,2500913,2567568,2645832,2246244,2301182,2477581,2544107,2868912,,,,,,,,,,,,,,,,,,,
El Salvador,SLV,"Enrolment in tertiary education, all programmes, both sexes (number)",9515,12945,,20034,26069,28281,,30764,32058,,,,46976,57374,63306,70499,74024,,77120,80818,78211,86114,,95451,106795,114998,112004,,117626,118491,114675,109946,113366,116521,120264,122431,124956,132246,138615,143849,150012,160374,169860,176063,176293,179396,,,,,,,,,,,,,,,,,,,
Equatorial Guinea,GNQ,"Enrolment in tertiary education, all programmes, both sexes (number)",,,,,,,,,,,,,1140,,,,,,,,,578,,,,,,,,,1003,,,,,,,,,,,,,,,,,,,,,,,,,,,,,,,,,,
Eritrea,ERI,"Enrolment in tertiary education, all programmes, both sexes (number)",,,,,,,,,,,,,,,,,,,,,,,,,,3137,3020,,3096,3994,4135,5505,5507,,4612,,,,,9949,12039,,,,12554,,,,,,,,,,,,,,,,,,,,
Estonia,EST,"Enrolment in tertiary education, all programmes, both sexes (number)",,,,,,,,,,,,25500,,,,,23500,,23400,24300,26300,25900,25805,24464,24768,25483,39726,43468,46513,48684,53613,57778,60648,63625,65659,67760,68286,68767,68168,68399,68985,69113,67607,64806,59998,55214,,,,,,,,,,,,,,,,,,,
Ethiopia,ETH,"Enrolment in tertiary education, all programmes, both sexes (number)",,4543,4978,3941,6474,,,6966,10824,13365,14949,14368,14985,16117,16030,,27338,30210,29253,31204,33486,34076,,,29000,32671,35027,42226,45554,52305,67732,87431,101829,147954,172111,191212,,,264822,401918,577594,632344,693287,,757175,,,,,,,,,,,,,,,,,,,,
Faroe Islands,FRO,"Enrolment in tertiary education, all programmes, both sexes (number)",,,,,,,,,,,,,,,,,,,,,,,,,,,,,,,,,,,,,,,,,,,,,,,,,,,,,,,,,,,,,,,,,
Fiji,FJI,"Enrolment in tertiary education, all programmes, both sexes (number)",359,548,691,881,1204,1653,,,,,1666,1777,2016,,1931,2313,2211,,,3509,,7908,,,,,,,,,,,,12779,12783,12717,,,,,,,,,,,,,,,,,,,,,,,,,,,,,
Finland,FIN,"Enrolment in tertiary education, all programmes, both sexes (number)",,59769,61778,63303,67881,71526,114272,119274,122427,122825,122843,123165,124831,127657,120153,121182,127976,133933,139375,146857,155313,165714,173702,188162,197367,205039,213995,226458,250047,262890,270185,279628,283805,291664,299888,305996,308966,309163,309648,296691,303554,308336,308924,309009,306080,302478,,,,,,,,,,,,,,,,,,,
France,FRA,"Enrolment in tertiary education, all programmes, both sexes (number)",,801156,841049,906568,936052,989439,1038576,1042738,1086938,1020503,1060412,1076717,1150055,1179268,,1255538,1278581,1289942,1327771,1477084,1587202,1698938,1840307,1951994,2083232,2072552,2091688,2062495,2027422,2012193,2015344,2031743,2029179,2119149,2160300,2187383,2201201,2179505,2164538,2172855,2245097,2259448,2296306,2338135,2388880,,,,,,,,,,,,,,,,,,,,
French Polynesia,PYF,"Enrolment in tertiary education, all programmes, both sexes (number)",,,,,,,,,,,,27,37,68,180,,,,,,,,301,,,,,,,,,,,,,,,,,,,,,,,,,,,,,,,,,,,,,,,,,,
Gabon,GAB,"Enrolment in tertiary education, all programmes, both sexes (number)",,172,307,357,660,986,1014,1245,1284,1273,1663,,,2992,3228,,,4089,4050,4007,4085,,,,,,,,,7473,,9070,,10076,,,,,,,,,,,,,,,,,,,,,,,,,,,,,,,
"Gambia, The",GMB,"Enrolment in tertiary education, all programmes, both sexes (number)",,,,,,,,,,,,,,,,,,,,,,,,,,1591,,,,1169,,,,,1530,,,,,,3312,5358,5001,,,,,,,,,,,,,,,,,,,,,,
Georgia,GEO,"Enrolment in tertiary education, all programmes, both sexes (number)",,,,,,,,,,,,140578,,,,,,,,,,148391,,,,168011,155033,163345,,130164,137046,140627,149142,155453,155058,174255,144991,141303,129926,95225,105696,110557,99376,112746,120923,127633,,,,,,,,,,,,,,,,,,,
Germany,DEU,"Enrolment in tertiary education, all programmes, both sexes (number)",,,,,,,,,,,,,,,,,,,,,,2048627,2033702,2112642,2132162,2155728,2144169,2131907,,,,,,,,,,,,,,,,2780012.75,2912203.5,2977781,,,,,,,,,,,,,,,,,,,
Ghana,GHA,"Enrolment in tertiary education, all programmes, both sexes (number)",,5426,5783,6391,7466,8022,9079,,,,,,16161,,,,,,,,,13700,16095,19531,20338,,,,,,,,,,,119559,110184,140017,190273,203376,,285862,295344,354818,402142,417534,,,,,,,,,,,,,,,,,,,
Gibraltar,GIB,"Enrolment in tertiary education, all programmes, both sexes (number)",,,,,,,,,,,,,,,,,,,,,,,,,,,,,,,,,,,,,,,,,,,,,,,,,,,,,,,,,,,,,,,,,
Greece,GRC,"Enrolment in tertiary education, all programmes, both sexes (number)",,85776,85001,91309,97131,111441,117246,122833,117892,120644,117407,121116,124694,137453,148515,167957,181901,197808,189173,187644,194419,283415,271718,299023,314002,296357,329185,363150,374122,387859,422317,478205,529233,561468,597007,646587,653003,602858,,,641844,660741,663698,659284,677429,,,,,,,,,,,,,,,,,,,,
Greenland,GRL,"Enrolment in tertiary education, all programmes, both sexes (number)",,,,,,,,,,,,,,,,,,,,,,,,,,,,,,,,,,,,,,,,,,,,,,,,,,,,,,,,,,,,,,,,,
Grenada,GRD,"Enrolment in tertiary education, all programmes, both sexes (number)",,,,,,,,,,153,614,,926,519,535,,,,,,,,,,,,,,,,,,,,,,,,,6689,,,,,,9236,,,,,,,,,,,,,,,,,,,
Guam,GUM,"Enrolment in tertiary education, all programmes, both sexes (number)",,2719,3068,3351,3430,3558,3800,3710,4343,4500,3168,3217,5127,,,,,7052,7300,7300,,,,,,,,,,,,,,,,,,,,,,,,,,,,,,,,,,,,,,,,,,,,,
Guatemala,GTM,"Enrolment in tertiary education, all programmes, both sexes (number)",15609,17114,19408,21878,20060,22881,25925,29234,34301,,,35898,,43852,45552,48283,51860,,,,,,,71567,77051,80228,,,,,,,111739,,,,,233885,,,,,,293721,,366674,,,,,,,,,,,,,,,,,,,
Guinea,GIN,"Enrolment in tertiary education, all programmes, both sexes (number)",,1974,,,,9816,12411,14241,19706,20739,,18270,13161,13182,12304,10664,8801,6753,5923,6245,5908,5366,5213,7398,7129,8096,7722,8151,8272,,,,,,17218,23788,42711,68261,80222,83887,98528,103192,101173,109454,117943,,,,,,,,,,,,,,,,,,,,
Guinea-Bissau,GNB,"Enrolment in tertiary education, all programmes, both sexes (number)",,,,,,,,,,,,,,,,,,,,404,,,,,,,,,,,,,,,,3122,3689,,,,,,,,,,,,,,,,,,,,,,,,,,,,
Guyana,GUY,"Enrolment in tertiary education, all programmes, both sexes (number)",,1112,1232,1385,,,2852,,,2604,2491,2465,2746,2049,2111,2297,2328,,3700,,4665,,,,7503,6945,7680,8965,,,,,,4848,6933,7278,7370,7532,7306,7124,7939,8367,8857,,,,,,,,,,,,,,,,,,,,,,
Haiti,HTI,"Enrolment in tertiary education, all programmes, both sexes (number)",,,,,,,2881,3039,3968,4186,4282,4671,,5300,6289,,6288,,,,,,,,,,,,,,,,,,,,,,,,,,,,,,,,,,,,,,,,,,,,,,,,
Honduras,HND,"Enrolment in tertiary education, all programmes, both sexes (number)",,,,,10361,11907,15499,20205,23317,,25825,30653,33279,34468,35787,36620,,37386,42874,43896,43117,44365,47262,47562,54106,55536,61279,68000,77768,85000,90620,,,119877,122874,,,,147740,,169878,,174935,183722,185876,195469,,,,,,,,,,,,,,,,,,,
"Hong Kong SAR, China",HKG,"Enrolment in tertiary education, all programmes, both sexes (number)",,25516,27831,30245,34197,38265,44482,44210,,52961,56771,,63971,71382,74563,,,,,,,,85214,88950,97392,,,,,,,,,146039,147724,152294,155324,194236,252615,254273,264761,270512,269838,300395.063,304885.781,298642.688,,,,,,,,,,,,,,,,,,,
Hungary,HUN,"Enrolment in tertiary education, all programmes, both sexes (number)",,80536,86311,90857,98122,103390,107555,110528,108649,105926,103469,101166,102564,100564,99865,99986,99344,98505,99025,99124,100868,102387,107079,117460,144428,170147,194607,215115,254693,279397,307071,330549,354386,390453,422177,436012,438702,431572,413715,397679,388950,381927,380757,359040,329455,307729,,,,,,,,,,,,,,,,,,,
Iceland,ISL,"Enrolment in tertiary education, all programmes, both sexes (number)",,1706,1970,2267,2429,2695,2970,3100,3265,,4176,4383,4627,5053,5212,4643,4724,4745,4725,5005,5407,5225,6161,5672,7059,7385,7483,7908,8100,8462,9667,10184,11584,13347,14710,15169,15721,15821,16631,16919,18051,18845,19099,19097,,,,,,,,,,,,,,,,,,,,,
India,IND,"Enrolment in tertiary education, all programmes, both sexes (number)",,2472963,,2773148,,,3043865,3011809,3161093,3206990,3278793,3545318,3411105,3916290,4211176,4271618,4470844,4806179,4275859,4528956,4780181,4950974,,,,4932669,5695780,6060418,,,9404460,9834046,10576653,11295041,11852936,11777296,12852684,14862962,17211216,18500324,20740740,26650952,28568408,28175136,30305848,32107420,,,,,,,,,,,,,,,,,,,
Indonesia,IDN,"Enrolment in tertiary education, all programmes, both sexes (number)",248220,,255856,260205,264433,278200,296326,275098,305071,305583,457633,543175,565501,616117,831625,980162,1048885,1277684,1185651,1403728,1515689,1590593,1773459,1795453,2043380,2229796,2303469,2705675,2735724,3059658,3126307,3017887,3175833,3441429,3551092,3662234,3657429,3806629,4419577,4859409,5001048,5364301,6233984,6423455,6463297,5107999,,,,,,,,,,,,,,,,,,,
"Iran, Islamic Rep.",IRN,"Enrolment in tertiary education, all programmes, both sexes (number)",,74708,97338,115311,123114,135354,151905,154215,155811,,,,,,,,,,,,,,,,,909476,1048093,,,1308150,1404880,1569776,1566509,1714433,1954920,2126274,2398811,2828528,3391852,3349741,3790859,4117208,4404614,4367901,4685386,4802721,,,,,,,,,,,,,,,,,,,
Iraq,IRQ,"Enrolment in tertiary education, all programmes, both sexes (number)",,42431,48994,56599,65481,78784,86111,91358,91651,90103,100462,106709,116294,122743,126715,144986,169665,170659,183608,209818,,,,,,,,,,271508,288670,,317993,,412545,424908,,,,,,,,,,,,,,,,,,,,,,,,,,,,,
Ireland,IRL,"Enrolment in tertiary education, all programmes, both sexes (number)",,28501,29517,30020,31737,37897,46174,46515,46603,47254,49313,54746,59824,64116,64561,67378,70301,73450,76936,81133,85138,90296,101108,108394,117641,121401,128284,134566,142774,151137,160611,166600,176296,181557,188315,186561,186044,190349,178518,182609,194009,196321,192647,199428,203912,214632,,,,,,,,,,,,,,,,,,,
Isle of Man,IMN,"Enrolment in tertiary education, all programmes, both sexes (number)",,,,,,,,,,,,,,,,,,,,,,,,,,,,,,,,,,,,,,,,,,,,,,,,,,,,,,,,,,,,,,,,,
Israel,ISR,"Enrolment in tertiary education, all programmes, both sexes (number)",,55486,61555,70431,,75338,,85081,83671,95142,97624,97097,107583,110309,112901,,116062,118608,115657,117454,122568,134885,,162219,,182836,198766,,233991,246806,255891,270979,299716,301326,301227,310937,310014,327108,325246,342707,360378,365665,379182,373581,376952,374048,,,,,,,,,,,,,,,,,,,
Italy,ITA,"Enrolment in tertiary education, all programmes, both sexes (number)",,687242,788690,808740,847321,930211,976712,1020762,1052342,1090537,1097954,1117742,,1090775,1120342,1181953,1185304,1153224,1227809,1296298,1358254,1452286,1533202,1615150,1770253,1791726,1775186,1892542,1869101,1797241,1770002,1812325,1854200,1913352,1986497,2014998,2029023,2033642,2013856,2011713,1980399,1967569,1925930,1872693,1854360,1826477,,,,,,,,,,,,,,,,,,,
Jamaica,JAM,"Enrolment in tertiary education, all programmes, both sexes (number)",,6892,7506,8263,8413,,,12285,,,,13999,,,,,,12054,,12259,,16018,15891,,,,,,,21840,35995,42502,45394,51355,52260,47583,47427,,61139,61509,71352,70683,78268,74414,,74537,,,,,,,,,,,,,,,,,,,
Japan,JPN,"Enrolment in tertiary education, all programmes, both sexes (number)",,1819323,1927322,1977176,2062161,2155893,2248903,2301444,2436862,2432052,2422915,2412117,2402725,2391915,2409983,2403371,2347463,2409687,2510169,2588470,2683035,2781000,2899143,,3841134,3917709,,,3963658,3940756,3982069,3972468,3966667,3984400,4031604,4038302,4084861,4032625,3938632,3874224,3836314,3880544,3884638,3862749,3862460,,,,,,,,,,,,,,,,,,,,
Jordan,JOR,"Enrolment in tertiary education, all programmes, both sexes (number)",,4518,5138,6604,8186,9302,11873,16420,17219,20383,30076,36549,45196,49416,56427,53895,53753,60553,56348,65979,69389,80442,84226,88506,85936,87507,99020,112959,,,142190,,162688,186189,214106,217823,220103,231657,254752,266881,246928,252446,306630,,,312750,,,,,,,,,,,,,,,,,,,
Kazakhstan,KAZ,"Enrolment in tertiary education, all programmes, both sexes (number)",,,,,,,,,,,,525400,,,,,551000,,551300,546100,541000,535100,526700,,494152,482690,419460,,,323949,418473,,,,,,879623,,,,756706,794557,824313,781450,727401,658413,623534,,,,,,,,,,,,,,,,,,
Kenya,KEN,"Enrolment in tertiary education, all programmes, both sexes (number)",7795,8591,8379,9896,11351,,9407,9146,9904,11746,12986,13398,,18444,20072,21756,,26839,,31287,,,,,,,,,,,89016,94629,98115,,108407,113532,,,,167983,,,,,,,,,,,,,,,,,,,,,,,,,
Kiribati,KIR,"Enrolment in tertiary education, all programmes, both sexes (number)",,,,,,,,,,,,,,,,,,,,,,,,,,,,,,,,,,,,,,,,,,,,,,,,,,,,,,,,,,,,,,,,,
"Korea, Dem. People’s Rep.",PRK,"Enrolment in tertiary education, all programmes, both sexes (number)",,,,,,,,,,,,,,,,,,,,,,,,,,,,,,,,,,,,,,,,593179,,600424,,,,565350,,,,,,,,,,,,,,,,,,,
"Korea, Rep.",KOR,"Enrolment in tertiary education, all programmes, both sexes (number)",,201436,214653,230330,250233,273479,318683,345679,385699,444009,538726,647505,829915,1028933,1204117,1345114,1455759,1514784,1548772,1573369,1630374,1691429,1761775,1911765,1950306,2065579,2225092,2792410,2636388,2837880,3003498,3129899,3210142,3223431,3224875,3210184,3204036,3208591,3204310,3219216,3269509,3356011,3359739,3342264,3318307,3268099,,,,,,,,,,,,,,,,,,,
Kosovo,XKX,"Enrolment in tertiary education, all programmes, both sexes (number)",,,,,,,,,,,,,,,,,,,,,,,,,,,,,,,,,,,,,,,,,,,,,,,,,,,,,,,,,,,,,,,,,
Kuwait,KWT,"Enrolment in tertiary education, all programmes, both sexes (number)",,2686,3573,4310,5303,5800,8104,9934,12391,11621,12435,13630,15725,17909,19185,21924,23678,24384,25521,26080,22020,,21171,22113,25000,27646,28705,29509,,33906,,34779,36982,37153,36866,,,,,,,,,71786,,,,,,,,,,,,,,,,,,,,,
Kyrgyz Republic,KGZ,"Enrolment in tertiary education, all programmes, both sexes (number)",,,,,,,,,,,,,,,,,109100,,108300,106300,105300,102200,100700,94592,90950,87980,94015,105382,124863,131222,160684,190508,209245,201128,205224,220460,233463,239380,271532,266991,260583,258869,270083,284604,267920,265382,,,,,,,,,,,,,,,,,,,
Lao PDR,LAO,"Enrolment in tertiary education, all programmes, both sexes (number)",,424,456,389,875,828,,,,,1157,1408,2894,3924,4790,5173,5382,,5322,,4730,,,6071,6179,7908,11724,12732,10293,12076,14149,16745,23018,28117,33760,47424,56716,75003,89457,113341,118295,125323,126314,137092,132435,130191,,,,,,,,,,,,,,,,,,,
Latvia,LVA,"Enrolment in tertiary education, all programmes, both sexes (number)",,,,,,,,,,,,47230,47230,46554,45792,45207,43914,43316,43705,44247,45615,45953,46279,43610,40180,40330,46696,56187,70233,82042,91237,102783,110500,118944,127656,130706,131125,129497,127760,125360,112567,103856,97041,94474,89671,85881,,,,,,,,,,,,,,,,,,,
Lebanon,LBN,"Enrolment in tertiary education, all programmes, both sexes (number)",,42578,44296,,,56593,,,,78628,85087,79073,70314,73052,,70510,79500,83891,,,,,85495,,,,81588,,,113022,116014,134018,142951,144050,154635,165730,173123,187055,196682,199656,202345,216851,212467,230278,228954,216468,,,,,,,,,,,,,,,,,,,
Lesotho,LSO,"Enrolment in tertiary education, all programmes, both sexes (number)",402,368,342,468,563,529,708,950,1075,1260,1188,1319,1397,1432,1373,1771,1869,2220,2410,2391,2029,2112,3704,4001,4365,4384,4614,,,4046,4470,4976,5005,6108,,7918,8500,,,,,,25507,24073,23545,,,,,,,,,,,,,,,,,,,,
Liberia,LBR,"Enrolment in tertiary education, all programmes, both sexes (number)",1109,1199,1390,1710,,2404,,,2694,3789,,,,,,,,5095,,,,,,,,,,,,20804,52251,,,,,,,,,,33470,,43883,,,,,,,,,,,,,,,,,,,,,,
Libya,LBY,"Enrolment in tertiary education, all programmes, both sexes (number)",,5222,6291,8220,9590,11997,13427,13723,15460,15626,15809,20166,23767,27535,,32770,,,,,50471,,72899,,,,,,,308474,290060,324603,359146,375028,,,,,,,,,,,,,,,,,,,,,,,,,,,,,,,
Liechtenstein,LIE,"Enrolment in tertiary education, all programmes, both sexes (number)",,,,,,,,,,,,,,,,,,,,,,,,,,,,,,,,,,440,532,527,636,673,800,754,787,984,960,,830,750,,,,,,,,,,,,,,,,,,,
Lithuania,LTU,"Enrolment in tertiary education, all programmes, both sexes (number)",,,,,,,,,,,,70995,,,,,93235,,,91456,92688,88668,78848,72148,70460,70863,75559,83645,96371,107419,121904,135923,148788,167606,182656,195405,198868,199855,204767,210744,201373,187117,175066,159695,148389,140629,,,,,,,,,,,,,,,,,,,
Luxembourg,LUX,"Enrolment in tertiary education, all programmes, both sexes (number)",,363,366,485,458,522,483,446,302,404,414,748,699,941,982,843,759,709,,,,1298,1390,1274,1800,1856,2003,2110,2233,2499,2437,2533,2965,3077,,,2692,,3011,,5376,,6085,,,,,,,,,,,,,,,,,,,,,,
"Macao SAR, China",MAC,"Enrolment in tertiary education, all programmes, both sexes (number)",,,,,,,,,,,,,,,,,,,7662,7930,8824,7425,7420,7271,6517,,,7485,,7458,7471,13996,20399,26272,24815,23420,23291,23868,25407,28805,29476,30519,25852,27776,29521,30771,,,,,,,,,,,,,,,,,,,
"Macedonia, FYR",MKD,"Enrolment in tertiary education, all programmes, both sexes (number)",,30337,,,,,36049,,,,,46281,45223,43546,41477,39501,38065,35729,34418,32226,29349,26515,27032,26405,27340,29057,29583,30754,32048,35141,36922,40246,44710,45624,46637,49364,48368,58199,65504,65200,61764,,63318,60682,60572,63543,,,,,,,,,,,,,,,,,,,
Madagascar,MDG,"Enrolment in tertiary education, all programmes, both sexes (number)",,5738,6683,8078,,9354,8385,11711,14116,16226,22857,22632,30000,32599,34162,37746,38310,35106,36269,36933,37046,35824,,42681,35940,29998,28814,26715,30781,30800,32046,30712,31925,35480,42143,44948,49680,58313,62069,68460,74444,85548,90235,97056,113025,,,,,,,,,,,,,,,,,,,,
Malawi,MWI,"Enrolment in tertiary education, all programmes, both sexes (number)",,,,1918,2007,2093,1903,2014,1948,2180,2528,2591,2676,2705,2817,2963,3057,3285,3351,3674,4539,4829,4947,5052,5346,5358,5561,,,3179,3584,4129,4531,4757,5782,5810,6298,6458,,,10296,12203,,,,,,,,,,,,,,,,,,,,,,,
Malaysia,MYS,"Enrolment in tertiary education, all programmes, both sexes (number)",,,,,,,,,,52975,57650,,67368,68687,77750,93249,109545,119591,120714,109345,121412,137826,160566,170145,191290,210724,,,442625,473357,549205,557118,632309,725865,731077,696760,737267,805136,922239,1000694,1061421,1036354,1076675,1116733,860144,817587,,,,,,,,,,,,,,,,,,,
Maldives,MDV,"Enrolment in tertiary education, all programmes, both sexes (number)",,,,,,,,,,,,,,,,,,,,,,,,,,,,,,,,,,73,,,,4386,5171,,,,,,6089,,,,,,,,,,,,,,,,,,,,
Mali,MLI,"Enrolment in tertiary education, all programmes, both sexes (number)",,731,,,1852,2445,2936,3576,4216,4789,5281,,4498,5792,7125,7389,6768,5536,,4569,4792,4780,6273,7507,,8249,9595,13679,13847,18662,19751,21861,22632,,,,,,67839,76667,81188,87653,97278,,,,,,,,,,,,,,,,,,,,,,
Malta,MLT,"Enrolment in tertiary education, all programmes, both sexes (number)",2289,2405,2746,2571,2114,2397,2370,2463,2299,1592,862,947,934,1010,1337,1408,1474,1449,1447,1682,2511,3123,3602,4662,5177,5805,6263,6368,7146,6915,6315,7422,7259,8946,7867,9441,8922,9811,9472,10352,10840,11491,12203,12574,12610,13216,,,,,,,,,,,,,,,,,,,
Marshall Islands,MHL,"Enrolment in tertiary education, all programmes, both sexes (number)",,,,,,,,,,,,,,,,,,,,,,,,,,,,,,,,,903,,,,,,,,,,1330,,,,,,,,,,,,,,,,,,,,,,
Mauritania,MRT,"Enrolment in tertiary education, all programmes, both sexes (number)",,,,,,,,,477,,,,,,,2821,4526,5378,5407,5808,5810,5339,5850,7501,7675,7775,8496,9225,9240,10206,,9033,8173,8941,9292,8758,10157,11794,12004,12519,14536,16151,17878,19243,,20800,20280,,,,,,,,,,,,,,,,,,
Mauritius,MUS,"Enrolment in tertiary education, all programmes, both sexes (number)",1975,1353,1295,1356,1321,1096,1408,1531,1393,1213,1038,901,926,702,794,1161,1106,1589,2118,2179,3485,4032,,5969,5505,6141,7098,7099,,10825,12130,18779,16859,16955,17627,20514,22221,22971,25578,30545,33427,35906,40165,41621,40457,37871,,,,,,,,,,,,,,,,,,,
Mexico,MEX,"Enrolment in tertiary education, all programmes, both sexes (number)",,247637,281397,,408704,498361,562056,569266,654959,744412,853384,929865,998397,1043770,1105469,,1207779,1222046,1311252,1309943,1314027,1310835,,1302590,1358271,1420461,1532846,1612318,1727484,1837884,1962763,2047895,2147075,2236791,2322781,2384858,2446726,2528664,2623367,2705190,2847376,2981313,3161195,3300348,3419391,,,,,,,,,,,,,,,,,,,,
"Micronesia, Fed. Sts.",FSM,"Enrolment in tertiary education, all programmes, both sexes (number)",,,,,,,,,573,1703,1329,2129,1602,,,,,,,,,,,,,,,,,1510,1539,,,,,,,,,,,,,,,,,,,,,,,,,,,,,,,,,,
Moldova,MDA,"Enrolment in tertiary education, all programmes, both sexes (number)",,,,,,,,,,,,110200,,,,,113800,,111100,108300,107600,104800,,,,100833,87700,93759,,103672,103944,102825,107731,114238,119981,130350,143750,148449,143601,135147,130168,128988,124784,122464,116325,109395,,,,,,,,,,,,,,,,,,,
Monaco,MCO,"Enrolment in tertiary education, all programmes, both sexes (number)",,,,,,,,,,,,,,,,,,,,,,,,,,,,,,,,,,,,,,,,,,,,,,,,,,,,,,,,,,,,,,,,,
Mongolia,MNG,"Enrolment in tertiary education, all programmes, both sexes (number)",19699,19548,19649,19997,21373,24175,27108,30994,33589,36654,39090,41948,43854,45831,47369,46946,47575,46728,46639,43279,40038,35816,32580,28722,30429,34248,38643,44088,50961,65272,74025,84970,90275,98031,108738,123824,138019,142411,151533,162217,165769,171165,173856,176689,175205,179540,,,,,,,,,,,,,,,,,,,
Montenegro,MNE,"Enrolment in tertiary education, all programmes, both sexes (number)",,,,,,,,,,,,,,,,,,,,,,,,,,,,,,,,8271,7878,8333,9759,11011,12903,16173,19395,22738,23786,,,,,,,,,,,,,,,,,,,,,,,,
Morocco,MAR,"Enrolment in tertiary education, all programmes, both sexes (number)",,16097,16971,22382,25525,34092,45322,45085,67322,62107,,112405,125804,114005,132918,,181087,193061,213570,232071,253884,255667,253390,267671,276402,294502,,311743,256016,273183,295634,311349,319309,336724,344335,367556,385953,369672,403561,419089,447036,505587,605759,707832,789407,877404,,,,,,,,,,,,,,,,,,,
Mozambique,MOZ,"Enrolment in tertiary education, all programmes, both sexes (number)",,1982,,2621,,,,906,777,750,804,1000,1266,,,1442,,2335,,,,,4600,5250,6129,6639,7143,,,10322,,,,,22256,28298,43233,63476,75457,84074,103850,113464,123779,136938,157431,174802,,,,,,,,,,,,,,,,,,,
Myanmar,MMR,"Enrolment in tertiary education, all programmes, both sexes (number)",,46150,49572,51811,51829,53642,56083,83703,,121609,,163197,165000,,179366,188560,179366,256965,222206,222060,220174,,196052,243870,235256,245317,,,332842,,,553456,,,,,,507660,,,,659510,634306,,,,,,,,,,,,,,,,,,,,,,
Namibia,NAM,"Enrolment in tertiary education, all programmes, both sexes (number)",,,,,,,,,,,,,,,,,,,,,,4157,,,9714,11344,,8914,11209,,,13339,11030,11788,,13566,13185,,19707,,,,,,,,,,,,,,,,,,,,,,,,,,
Nauru,NRU,"Enrolment in tertiary education, all programmes, both sexes (number)",,,,,,,,,,,,,,,,,,,,,,,,,,,,,,,,,,,,,,,,,,,,,,,,,,,,,,,,,,,,,,,,,
Nepal,NPL,"Enrolment in tertiary education, all programmes, both sexes (number)",,,,,21760,23504,19482,25398,31942,38539,,51356,52070,48229,55555,54452,78490,83356,95240,102130,93753,110239,103840,102882,98731,93176,105694,,,,94401,103290,119670,124817,147123,187165,202076,254792,284973,289262,376869,385454,,477077,458621,445324,,,,,,,,,,,,,,,,,,,
Netherlands,NLD,"Enrolment in tertiary education, all programmes, both sexes (number)",,231167,247964,,,264297,288026,305150,320501,328968,350778,360033,371515,379047,384407,390244,404866,399776,413488,415847,437488,478869,493563,506580,532405,502928,491748,468970,461374,469885,487649,504042,516769,526767,543396,564983,579622,590121,602286,618502,650905,780014,793678,,,842601,,,,,,,,,,,,,,,,,,,
New Caledonia,NCL,"Enrolment in tertiary education, all programmes, both sexes (number)",101,84,102,148,188,178,366,,,462,438,421,715,580,660,761,,,,,,,,,,,,,,,,,,,,,,,,,,,,,,,,,,,,,,,,,,,,,,,,,
New Zealand,NZL,"Enrolment in tertiary education, all programmes, both sexes (number)",39816,42243,62800,64926,66739,66178,68758,69708,74473,74232,76643,80715,82666,84764,95754,95793,102684,105598,114195,120821,111504,128078,146215,162932,169421,163923,162350,169656,161288,167308,171962,177634,185099,195511,243425,239983,237784,242650,244355,263028,266232,262230,259588,256608.266,260846.688,270074.219,,,,,,,,,,,,,,,,,,,
Nicaragua,NIC,"Enrolment in tertiary education, all programmes, both sexes (number)",9385,9381,12519,11420,13095,18282,21072,21249,,27179,35268,,32838,35588,31725,29001,26775,26878,,,30733,31499,35730,,,50769,,56558,,,,,100363,,,,,,,,,,,,,,,,,,,,,,,,,,,,,,,,
Niger,NER,"Enrolment in tertiary education, all programmes, both sexes (number)",,0,0,215,280,357,541,765,784,939,947,1435,1853,2118,2450,2863,,3317,,3773,4506,,4513,,,,,,,,,,,8850,8774,10799,11208,10869,12823,15992,17096,18328,21764,,,,,,,,,,,,,,,,,,,,,,
Nigeria,NGA,"Enrolment in tertiary education, all programmes, both sexes (number)",,,,,,39562,44964,58953,68382,97530,115166,150072,176904,193731,208051,240889,266679,267862,304536,335824,,,,,,,,,,699109,,,,1234219,1289656,1391527,,,,,1394585,1513371,,,,,,,,,,,,,,,,,,,,,,,
Northern Mariana Islands,MNP,"Enrolment in tertiary education, all programmes, both sexes (number)",,,,,,,,,,,,,,,,,,,,,,,,,,,,,,,,,,,,,,,,,,,,,,,,,,,,,,,,,,,,,,,,,
Norway,NOR,"Enrolment in tertiary education, all programmes, both sexes (number)",,50047,53598,57914,63838,64582,66628,73320,72999,75720,78401,79117,82511,88510,91330,94089,94658,104246,106904,114855,129343,142521,154180,166499,176722,172967,180383,185320,183026,187482,190943,190054,197064,212395,213845,213940,214711,215237,212672,219282,224706,229743,238224,255416,264207,268231,,,,,,,,,,,,,,,,,,,
Oman,OMN,"Enrolment in tertiary education, all programmes, both sexes (number)",,,,,,,,20,21,13,15,18,14,29,91,368,990,2148,3320,4389,5653,6208,7351,7646,8155,9761,9664,12251,16032,,,,,36826,41578,48483,55956,61548,63262,75715,78063,89230,,105097,118299,126947,,,,,,,,,,,,,,,,,,,
Pakistan,PAK,"Enrolment in tertiary education, all programmes, both sexes (number)",,114980,104452,107757,111826,114913,127932,133465,148451,153536,156558,,,,,,267742,271838,315793,,304922,,221313,,,,,,,,,,,401056,520666,782621,820347,954698,973792,1226004,,1572664,1816949,1915419,1931875,1871575,,,,,,,,,,,,,,,,,,,
Palau,PLW,"Enrolment in tertiary education, all programmes, both sexes (number)",,,,,,,,,,,,,,,,,,,,,,,,,,,,,,,597,480,484,,,,,,,,,,,863,,,,,,,,,,,,,,,,,,,,,
Panama,PAN,"Enrolment in tertiary education, all programmes, both sexes (number)",8947,15074,18280,21716,24292,26289,30473,34720,34302,37031,40369,42425,45060,44568,52224,55303,62143,55633,51650,50762,53235,58625,63848,69451,69437,76798,80980,,102502,108764,118502,117864,117601,130026,128558,126242,130838,132660,134290,135209,139116,133497,140213,124375,,,,,,,,,,,,,,,,,,,,,
Papua New Guinea,PNG,"Enrolment in tertiary education, all programmes, both sexes (number)",,,5307,5545,,,,,,,5040,,,4846,6062,5068,6397,,,,,,,,,14158,16118,,9859,9943,,,,,,,,,,,,,,,,,,,,,,,,,,,,,,,,,,,
Paraguay,PRY,"Enrolment in tertiary education, all programmes, both sexes (number)",8172,10255,11627,12212,14009,18302,,,,,26915,28792,30207,34199,33203,32090,31839,30833,31095,31117,32884,,,42654,,40913,42302,,,66065,83088,96598,146489,143507,148699,155727,,180637,217024,236194,225211,,,,,,,,,,,,,,,,,,,,,,,,
Peru,PER,"Enrolment in tertiary education, all programmes, both sexes (number)",126234,129472,138935,160835,180699,195641,202662,233420,,272982,306353,362857,379193,401715,425261,452462,531834,567667,615398,656258,678236,728666,732688,666967,650621,671802,647389,657586,,1011839,900059,814217,830345,838584,895501,908315,951391,,,,1150620,,,,,,,,,,,,,,,,,,,,,,,,
Philippines,PHL,"Enrolment in tertiary education, all programmes, both sexes (number)",,651514,688259,707232,736803,721398,769749,814889,969952,1129056,1182103,1276016,1335889,1411515,1576500,1544000,1402000,1357832,1461000,1579938,1516315,1709486,1656815,,,1871647,2022106,,2069508,2208635,,2432002,2467267,2427211,2420997,2402649,2483988,,2651466,2625385,2774368,2951195,3044218,3317265,3563396,,,,,,,,,,,,,,,,,,,,
Poland,POL,"Enrolment in tertiary education, all programmes, both sexes (number)",,397897,399060,429646,481295,521899,575499,613842,622631,626289,609997,589134,544895,495902,475816,456661,454190,450205,458585,493552,505727,544893,549308,627308,747159,876057,1021351,1182360,1191099,1399090,1579571,1774985,1906268,1983360,2044298,2118081,2145687,2146926,2165980,2149998,2148676,2080334,2007212,1902718,1762666,,,,,,,,,,,,,,,,,,,,
Portugal,PRT,"Enrolment in tertiary education, all programmes, both sexes (number)",,50095,53389,55184,59845,64666,79702,95841,85360,92149,91373,92152,94958,99165,101308,112851,103585,129277,,,156701,185762,190856,247523,276534,300573,319525,,351784,356790,373745,387703,396601,400831,395063,380937,367312,366729,376917,373002,383627,396268,390273,371000,362200,337507,,,,,,,,,,,,,,,,,,,
Puerto Rico,PRI,"Enrolment in tertiary education, all programmes, both sexes (number)",,63073,69620,75355,84390,89671,97517,100885,119970,124000,129708,131184,137171,,,,,,,,,,,,,,,,,,,,,,,,,211458,227546,235618,249372,250192,250011,245495,241168,,,,,,,,,,,,,,,,,,,,
Qatar,QAT,"Enrolment in tertiary education, all programmes, both sexes (number)",,0,,,,,779,910,,,2025,2269,2981,4015,4369,4942,5344,5281,5347,5889,6469,6485,6548,7283,7351,7794,8271,8475,8590,8880,,7808,7831,7826,9287,9699,10161,11132,12545,13133,13846,15352,17266,20902,25255,27866,,,,,,,,,,,,,,,,,,,
Romania,ROU,"Enrolment in tertiary education, all programmes, both sexes (number)",,151885,148428,143985,143656,152728,164567,174888,182337,190560,192546,192769,190903,181081,174042,166328,159798,157174,157041,159465,164507,192810,215226,235669,250087,255162,336141,354488,360590,407720,452621,533152,582221,643911,685718,738806,834969,928175,1056622,1098188,999523,871842,705333,618157,578706,541653,,,,,,,,,,,,,,,,,,,
Russian Federation,RUS,"Enrolment in tertiary education, all programmes, both sexes (number)",5212600,5277900,5308700,5356500,5403300,5470900,5550000,5638000,5691700,5714200,5713800,5687300,5654400,5616500,5568500,5535200,5444400,5372000,5275500,5203500,5199300,5094500,4964700,4727900,4606600,4515300,4714000,4940700,5259400,5751539,6331324,7167618,7965217,8592271,8605952,9003208,9167277,9370428,9446408,9330115,,8652607,7983111,7528163,6995732,6592416,,,,,,,,,,,,,,,,,,,
Rwanda,RWA,"Enrolment in tertiary education, all programmes, both sexes (number)",,571,,751,740,1023,1108,1117,1134,1217,1266,1243,,,1705,1880,1987,2029,2267,2642,3389,,,,,,,,,5678,9357,12802,15940,20393,25233,27787,37149,41013,45128,55213,62734,73674,71638,77120,77512,80335,81983,,,,,,,,,,,,,,,,,,
Samoa,WSM,"Enrolment in tertiary education, all programmes, both sexes (number)",114,129,,228,,249,,405,425,,,644,,562,,,,,,,,,,,,,,,1482,1871,1182,,,,,,,,,,,,,,,,,,,,,,,,,,,,,,,,,,
San Marino,SMR,"Enrolment in tertiary education, all programmes, both sexes (number)",,,,,,,,,,,,,,,,,,,,,,,,,,,,,,,942,,,,,,,,929,,937,931,872,,,,,,,,,,,,,,,,,,,,,,
Sao Tome and Principe,STP,"Enrolment in tertiary education, all programmes, both sexes (number)",,,,,,,,,,,,,,,,,,,,,,,,,,,,,,,,,,,,,,,,704,766,,1421,,1680,2336,,,,,,,,,,,,,,,,,,,
Saudi Arabia,SAU,"Enrolment in tertiary education, all programmes, both sexes (number)",,8492,9471,11337,14882,19773,26437,32729,43897,47242,52610,62074,70657,82132,87821,102983,113529,116208,,123848,139790,153967,163688,192625,201090,233710,251945,273992,296927,371522,404094,432348,444800,525344,573803,603771,636445,674412,714877,757770,903567,1021288,1206007,1356602,1496730,1527769,,,,,,,,,,,,,,,,,,,
Senegal,SEN,"Enrolment in tertiary education, all programmes, both sexes (number)",,4962,5606,,,,,8981,9454,,12373,13626,12668,13605,11980,12679,13354,,,,,,21562,,,,,26616,,29303,,,,,52282,59127,62539,71211,91359,94371,92106,123683,127394,133587,141151,144827,,,,,,,,,,,,,,,,,,,
Serbia,SRB,"Enrolment in tertiary education, all programmes, both sexes (number)",,,,,,,,,,,,,,,,,,,,,,,,,,,,,,,,194198,182941,202799,209674,224873,235686,238710,237598,235940,226772,228531,231661,238945,242848,241054,,,,,,,,,,,,,,,,,,,
Seychelles,SYC,"Enrolment in tertiary education, all programmes, both sexes (number)",,,,,,,,,,,,,,,,,,,,,,,,,,,,,,,,,,,,,,,,,,189,100,238,478,1035,,,,,,,,,,,,,,,,,,,
Sierra Leone,SLE,"Enrolment in tertiary education, all programmes, both sexes (number)",,1155,1266,1370,1476,1646,1642,1602,1594,,,2166,,,1996,2076,5690,,5488,5202,5060,4742,,,,,,,,,6744,8913,9041,,,,,,,,,,,,,,,,,,,,,,,,,,,,,,,,
Singapore,SGP,"Enrolment in tertiary education, all programmes, both sexes (number)",13771,13983,15598,16831,18195,22607,22969,24053,24114,21022,23256,25705,30966,35192,35943,39913,42317,44976,46990,50743,55672,60225,65359,72826,75985,83914,92140,,,,,,,,,,,,183627,198634,213446,236891,243546,255348,,,,,,,,,,,,,,,,,,,,,
Sint Maarten (Dutch part),SXM,"Enrolment in tertiary education, all programmes, both sexes (number)",,,,,,,,,,,,,,,,,,,,,,,,,,,,,,,,,,,,,,,,,,,175,,178,194,,,,,,,,,,,,,,,,,,,
Slovak Republic,SVK,"Enrolment in tertiary education, all programmes, both sexes (number)",,,,,,,,,,,,,,,,,,,,,,,,66002,72726,82223,91553,101764,112837,122886,135914,143909,152182,158089,164667,181419,197943,217952,229477,234997,234526,226305,221227,209543,197854,,,,,,,,,,,,,,,,,,,,
Slovenia,SVN,"Enrolment in tertiary education, all programmes, both sexes (number)",,,,,,,,,,,,27707,26207,26197,27403,27691,29601,30985,30981,31055,34228,33565,38388,39264,42054,43249,47908,53483,68126,79126,83816,91494,99214,101458,104396,112228,114794,115944,115445,114391,114873,107134,104003,97706,90622,,,,,,,,,,,,,,,,,,,,
Solomon Islands,SLB,"Enrolment in tertiary education, all programmes, both sexes (number)",,,,,,,,,,,,,,,,,,,,,,,,,,,,,,,,,,,,,,,,,,,,,,,,,,,,,,,,,,,,,,,,,
Somalia,SOM,"Enrolment in tertiary education, all programmes, both sexes (number)",,964,958,,,1560,2040,,,,,,,,,,,15672,,,,,,,,,,,,,,,,,,,,,,,,,,,,,,,,,,,,,,,,,,,,,,,
South Africa,ZAF,"Enrolment in tertiary education, all programmes, both sexes (number)",82697,,,98577,,,,,,,,,,,,,,,378731,421152,439007,467129,490112,552948,617897,,,,,,,,,,,,,,,,,,1005721,1035594,1018543,,,,,,,,,,,,,,,,,,,,
South Sudan,SSD,"Enrolment in tertiary education, all programmes, both sexes (number)",,,,,,,,,,,,,,,,,,,,,,,,,,,,,,,,,,,,,,,,,,,,,,,,,,,,,,,,,,,,,,,,,
Spain,ESP,"Enrolment in tertiary education, all programmes, both sexes (number)",,224904,250387,368299,406398,453389,540238,581064,662812,630463,682568,697789,721806,750201,810391,857036,935126,976558,1036439,1101297,1165771,1222089,1301748,1370689,1469468,1526985,1591863,1684445,1745170,1786778,1828987,1833527,1832760,1840607,1839903,1809353,1789254,1777498,1781019,1800834,1878973,1950482,1965829,1969413,1982162,1963924,,,,,,,,,,,,,,,,,,,
Sri Lanka,LKA,"Enrolment in tertiary education, all programmes, both sexes (number)",12325,14047,,14102,14568,15426,,16730,17485,41898,,44247,57352,63730,65796,59377,61628,,,,,,,,80704,,,,,,,,,,,,,,,,261647,242300,271389,297782,301681,308000,,,,,,,,,,,,,,,,,,,
St. Kitts and Nevis,KNA,"Enrolment in tertiary education, all programmes, both sexes (number)",,,,,,,,,,63,40,,,,67,59,212,266,194,,,,225,394,,,,,,,,,,,,,,,859,,,,,,3411,3508,,,,,,,,,,,,,,,,,,,
St. Lucia,LCA,"Enrolment in tertiary education, all programmes, both sexes (number)",,,,,,,,298,299,276,249,301,367,411,402,346,,367,389,,,,,870,,,2760,,,,,,,,2285,2197,1628,1438,2577,2796,1973,2621,1683,2322,2830,2788,,,,,,,,,,,,,,,,,,,
St. Martin (French part),MAF,"Enrolment in tertiary education, all programmes, both sexes (number)",,,,,,,,,,,,,,,,,,,,,,,,,,,,,,,,,,,,,,,,,,,,,,,,,,,,,,,,,,,,,,,,,
St. Vincent and the Grenadines,VCT,"Enrolment in tertiary education, all programmes, both sexes (number)",,,,,,,,,,309,259,,,,,,736,795,,,677,,,,,,,,,,,,,,,,,,,,,,,,,,,,,,,,,,,,,,,,,,,,
Sudan,SDN,"Enrolment in tertiary education, all programmes, both sexes (number)",,,,,,,,,,,,,,,,,,,,,,,,,,,,,,172269,182012,231666,268410,255877,317364,363953,420369,420369,475787,498151,522774,525853,551198,640224,632377,,,,,,,,,,,,,,,,,,,,
Suriname,SUR,"Enrolment in tertiary education, all programmes, both sexes (number)",,,,,,,,,,,,2378,2684,2987,3002,2914,2751,3402,3665,4009,4319,,,,,,,,,,,,5186,,,,,,,,,,,,,,,,,,,,,,,,,,,,,,,,
Swaziland,SWZ,"Enrolment in tertiary education, all programmes, both sexes (number)",207,266,286,297,584,1012,1023,1295,,1399,1875,1699,,,2889,2732,2555,2511,3162,,3198,3224,3023,4183,,,5658,,,4880,4738,,5193,,6594,5897,5692,,,,,8904,,8057,,,,,,,,,,,,,,,,,,,,,
Sweden,SWE,"Enrolment in tertiary education, all programmes, both sexes (number)",,141218,141367,133168,131614,128879,162640,171181,190105,198798,200999,171356,176115,181103,184199,179478,176589,175588,178423,181146,184812,192611,207265,222826,234466,245932,261209,275217,280712,335124,346878,358020,382851,414657,429623,426723,422614,413710,406879,422580,455025,463530,453328,436603,429444,428557,,,,,,,,,,,,,,,,,,,
Switzerland,CHE,"Enrolment in tertiary education, all programmes, both sexes (number)",,51426,53595,56534,60329,62584,64720,72375,74730,78120,81530,85127,88385,90568,95661,105897,110111,117017,121693,125158,132753,137486,143067,146266,148664,148154,148024,,152653,156390,156879,163373,170085,185965,195947,199696,204999,213112,224469,233488,248639,257696,269573,279832,289570,294450,,,,,,,,,,,,,,,,,,,
Syrian Arab Republic,SYR,"Enrolment in tertiary education, all programmes, both sexes (number)",,42667,53029,53702,59259,67472,73660,90713,102735,116278,115402,140180,145496,149471,156004,170413,179473,182933,205866,203332,214173,221628,219587,228197,216211,215734,,,,,,,228267,244890,289925,360736,425636,472925,520901,533339,573930,565610,652204,659823,791775,772877,,,,,,,,,,,,,,,,,,,
Tajikistan,TJK,"Enrolment in tertiary education, all programmes, both sexes (number)",,,,,,,,,,,,96900,,,,,95247,,98700,100700,107280,109653,110064,109016,107402,108203,,,,95675,103142,103875,108996,122591,137438,148879,165139,179713,189427,191589,195697,191198,194137,194685,209170,224764,247092,,,,,,,,,,,,,,,,,,
Tanzania,TZA,"Enrolment in tertiary education, all programmes, both sexes (number)",2027,2220,2683,3000,3424,3064,3096,2534,4892,4031,,,4389,4540,4770,4863,4987,6071,,5254,,7468,7981,9350,10457,12776,14882,17812,15928,18867,20740,21960,23603,31049,42948,51554,,55134,,,85113,,166014,158262,,,,,,,,,,,,,,,,,,,,,
Thailand,THA,"Enrolment in tertiary education, all programmes, both sexes (number)",,90300,100000,105000,110394,136263,130965,175438,216876,375242,472995,361400,911166,1056809,1120084,1073520,1026952,,884237,,952012,,,1156174,,1184309,1220481,1332767,1522142,1814096,1900272,2095694,2155334,2205581,2251453,2359127,2338572,2503572,2430047,2417262,2426577,2497323,2430471,2405109,2433140,2235450,,,,,,,,,,,,,,,,,,,
Timor-Leste,TLS,"Enrolment in tertiary education, all programmes, both sexes (number)",,,,,,,,,,,,,,,,,,,,,,,,,,,,,,,,,6349,,,,,,,16727,18553,,,,,,,,,,,,,,,,,,,,,,,,
Togo,TGO,"Enrolment in tertiary education, all programmes, both sexes (number)",,886,1412,1469,1471,1619,2353,2777,3151,3163,3638,4750,4307,4034,4234,,,6223,7088,7456,7826,8969,10224,8925,9320,11173,11639,,14322,,,,,,,,28076,32502,,,55959,63496,65617,69027,66525,71154,,,,,,,,,,,,,,,,,,,
Tonga,TON,"Enrolment in tertiary education, all programmes, both sexes (number)",0,,,,,,,,195,173,,693,,,680,705,,,,,,,,,,,,,,364,526,453,600,668,,,,,,,,,,,,,,,,,,,,,,,,,,,,,,,
Trinidad and Tobago,TTO,"Enrolment in tertiary education, all programmes, both sexes (number)",,2375,2600,2706,2829,2962,4940,5111,5208,5091,5637,5649,5754,5202,4955,5653,6582,6546,6303,7161,,7249,7513,8170,,,,,,7572,7737,8614,12036,12316,16751,,,,,,,,,,,,,,,,,,,,,,,,,,,,,,
Tunisia,TUN,"Enrolment in tertiary education, all programmes, both sexes (number)",,10347,11069,10905,12353,14013,20505,23137,26781,28917,30150,31827,32832,34077,35426,38829,41594,40830,43797,54466,62658,68535,76097,87780,96101,102682,112634,121787,137024,155120,180044,207388,226632,272316,302313,327034,339363,344500,356851,369064,370058,361930,357392,337393,331802,322625,,,,,,,,,,,,,,,,,,,
Turkey,TUR,"Enrolment in tertiary education, all programmes, both sexes (number)",,169793,169672,172075,185285,263990,327082,360243,359792,339510,279779,246183,254446,281929,335080,417225,469992,505091,534459,594662,685500,749921,810781,923719,1143083,1174299,,1434033,1409627,1464740,,1607388,1677936,1918483,1972662,2106351,2342898,2453664,2532622,2924281,3529334,3817086,4353542,4975690,5472521,6062886,,,,,,,,,,,,,,,,,,,
Turkmenistan,TKM,"Enrolment in tertiary education, all programmes, both sexes (number)",,,,,,,,,,,,69800,,,,,75800,,40200,39600,42000,76000,,,,,,,,,,,,,,,,,,,,,,,44411,,,,,,,,,,,,,,,,,,,,
Turks and Caicos Islands,TCA,"Enrolment in tertiary education, all programmes, both sexes (number)",,,,,,,,,,,,,,,,,,,,,,,,,,,,,,,,,,,,,,,2,,5,,,,,286,,,,,,,,,,,,,,,,,,,
Tuvalu,TUV,"Enrolment in tertiary education, all programmes, both sexes (number)",,,,,,,,,,,,,,,,,,,,,,,,,,,,,,,,,,,,,,,,,,,,,,,,,,,,,,,,,,,,,,,,,
Uganda,UGA,"Enrolment in tertiary education, all programmes, both sexes (number)",4232,4463,5330,,5618,5474,5148,6312,6822,6192,5856,6563,7312,,,10103,11037,12531,14194,14806,17578,21281,21489,24122,27586,30266,34773,,,40591,55767,62586,79958,88330,88360,,92605,,107728,123887,120646,140087,124561,,165396,,,,,,,,,,,,,,,,,,,,
Ukraine,UKR,"Enrolment in tertiary education, all programmes, both sexes (number)",,1604500,,,,,1570100,,,,,1683500,1678100,1680300,1684800,1689600,1662000,,1652900,1646400,1665400,1638300,1615400,1530200,1460600,1533000,1541000,,1656989,1736999,1811538,1950755,2134676,2296221,2465074,2604875,2740342,2819248,2847713,2798693,2635004,2566279,2390989,2205595,2146028,1776190,,,,,,,,,,,,,,,,,,,
United Arab Emirates,ARE,"Enrolment in tertiary education, all programmes, both sexes (number)",,,,,,,,,519,1015,1582,2861,3407,4408,5780,6856,7772,8192,8478,7655,8491,10196,10405,10641,,,,,,,,,,,,,,80296,83985,92668,101906,113648,121626,132709,143060,156613,,,,,,,,,,,,,,,,,,,
United Kingdom,GBR,"Enrolment in tertiary education, all programmes, both sexes (number)",,601300,615800,622100,637086,703645,732947,750180,760085,783342,795985,827146,858416,980538,1000168,1006969,1032491,1068386,1086092,1113341,1177792,1258188,1385072,1528389,1664025,1813280,1820849,1891450,1938423,2080960,2024138,2067349,2240680,2287833,2247441,2287541,2336111,2362815,2329494,2415222,2479197,2492284,2495779,2386199,2352932.75,,,,,,,,,,,,,,,,,,,,
United States,USA,"Enrolment in tertiary education, all programmes, both sexes (number)",,8498117,8948645,9297787,9602123,10223729,11184859,11012137,11285787,11260092,11569899,12096895,12371672,12425780,12464661,12241940,12247055,12503511,12766000,13055000,13538000,13710150,14360965,14486304,14305352,14278799,14261778,,13284002,13769362,13202880,13595580,15927987,16611711,16900472,17272044,17487476,17758870,18248124,19102814,20427708,21016126,20994112,19972624,19700220,19531728,,,,,,,,,,,,,,,,,,,
Uruguay,URY,"Enrolment in tertiary education, all programmes, both sexes (number)",,,,,26280,32627,,39392,,38116,36298,40677,53417,57302,,,,,,69428,71612,73660,68227,,,,79691,,94219,91175,91175,96757,98420,101198,103331,110684,113368,158841,162968,161459,163156,,,145264,148435,145787,,,,,,,,,,,,,,,,,,,
Uzbekistan,UZB,"Enrolment in tertiary education, all programmes, both sexes (number)",,,,,,,,,,,,,,,,,285500,,300300,308900,331600,340900,337400,,,,,,,295859,305409,323211,344604,359708,376904,265957,280837,288550,299010,300782,289208,277437,255932,259592,260453,262368,265679,,,,,,,,,,,,,,,,,,
Vanuatu,VUT,"Enrolment in tertiary education, all programmes, both sexes (number)",,,,,,,,,,,,,,,,,,,,,,,,,,,,,,643,656,675,895,914,955,,,,,,,,,,,,,,,,,,,,,,,,,,,,,,
"Venezuela, RB",VEN,"Enrolment in tertiary education, all programmes, both sexes (number)",,100767,122577,143171,161054,187688,213542,,265671,282074,299773,307133,331115,349773,377287,381575,443064,441734,467371,500295,528857,550030,550783,,,,,,,,668109,,927835,983217,1049780,,,,2109331,2123041,,,,,,,,,,,,,,,,,,,,,,,,,
Vietnam,VNM,"Enrolment in tertiary education, all programmes, both sexes (number)",,,,,,,80323,100027,122215,136627,133558,114701,,,,,121159,,,175856,185788,129600,106900,136800,157100,203300,297900,509300,726302,810072,732187,749253,784675,829459,,1354543,1427046,1587609,1654846,1774321,2020413,2229494,2261204,2250030,2692124,2466643,,,,,,,,,,,,,,,,,,,
Virgin Islands (U.S.),VIR,"Enrolment in tertiary education, all programmes, both sexes (number)",,1445,1644,1776,1698,1918,2069,2122,2119,2120,1990,2148,2608,2744,,,2602,2545,,,,2466,2700,2924,,,,,,,,,,,,,,2488,,,,,,,,,,,,,,,,,,,,,,,,,,,
West Bank and Gaza,PSE,"Enrolment in tertiary education, all programmes, both sexes (number)",,,,,,,,,,,,,,,,,,,,,,,,,,,40916,49599,56726,66282,71207,80543,88930,104567,121928,138139,150128,169373,180905,182565,196625,213973,217502,213217,213935,221018,,,,,,,,,,,,,,,,,,,
"Yemen, Rep.",YEM,"Enrolment in tertiary education, all programmes, both sexes (number)",,,,,,,,,,,,,,,,,,,,,,,53082,,,,,65675,,164166,,,193426,193290,192071,199813,200853,236972,251187,274827,272130,267498,,,,,,,,,,,,,,,,,,,,,,,
Zambia,ZMB,"Enrolment in tertiary education, all programmes, both sexes (number)",1433,,,,4681,8403,8783,7053,7308,7340,,7541,8062,8781,8768,,14492,13066,14861,14465,15343,,,,,,,,22701,23155,,,,,,,,,,,,55759,56680,,,,,,,,,,,,,,,,,,,,,,
Zimbabwe,ZWE,"Enrolment in tertiary education, all programmes, both sexes (number)",,6878,7210,7850,7819,8479,8994,8618,8607,8397,8339,12226,14926,10101,11865,14246,17915,,,55047,49361,52051,61553,,,,,,,,,,,,,,,,,,94611,93285,94012,94115,,135575,,,,,,,,,,,,,,,,,,,